{
    "providers": [
	        {
            "type": "bitmap",
            "file": "minecraft:font/wlobby.png",
            "ascent": 72,
            "height": 92,
            "chars": [
                    "\u00CC"
                ]
        },
        {
            "type": "bitmap",
            "file": "minecraft:font/chat-chat.png",
            "ascent": 9,
            "height": 11,
            "chars": [
                    "\u00CA"
                ]
        },
        {
            "type": "bitmap",
            "file": "minecraft:font/world-chat.png",
            "ascent": 9,
            "height": 11,
            "chars": [
                    "\u00CB"
                ]
        },
        {
            "type": "bitmap",
            "file": "minecraft:font/worldclans.png",
            "ascent": 72,
            "height": 92,
            "chars": [
                    "\u00C9"
                ]
        }
    ]
}